pigment,shift
Chla,1800.000000
PC,350.000000
APC,112.500000
B-car,435.000000
Zea,360.000000
Ech,150.000000
Myx,195.000000
HEch,60.000000
P698,27.480916
P702,54.961832
P680,27.480916
P686,27.480916
Pheo,27.480916